Transaction ID,Date,Month,Customer ID,Gender,Age,Age Group,Product Category,Quantity,Price per Unit,Total Amount
1,24-11-2023,Nov,CUST001,Male,34,Middle Adult,Beauty,3,50,150
2,27-02-2023,Feb,CUST002,Female,26,Young Adult,Clothing,2,500,1000
3,13-01-2023,Jan,CUST003,Male,50,Older Adult,Electronics,1,30,30
4,21-05-2023,May,CUST004,Male,37,Middle Adult,Clothing,1,500,500
5,06-05-2023,May,CUST005,Male,30,Young Adult,Beauty,2,50,100
6,25-04-2023,Apr,CUST006,Female,45,Middle Adult,Beauty,1,30,30
7,13-03-2023,Mar,CUST007,Male,46,Older Adult,Clothing,2,25,50
8,22-02-2023,Feb,CUST008,Male,30,Young Adult,Electronics,4,25,100
9,13-12-2023,Dec,CUST009,Male,63,Older Adult,Electronics,2,300,600
10,07-10-2023,Oct,CUST010,Female,52,Older Adult,Clothing,4,50,200
11,14-02-2023,Feb,CUST011,Male,23,Young Adult,Clothing,2,50,100
12,30-10-2023,Oct,CUST012,Male,35,Middle Adult,Beauty,3,25,75
13,05-08-2023,Aug,CUST013,Male,22,Young Adult,Electronics,3,500,1500
14,17-01-2023,Jan,CUST014,Male,64,Older Adult,Clothing,4,30,120
15,16-01-2023,Jan,CUST015,Female,42,Middle Adult,Electronics,4,500,2000
16,17-02-2023,Feb,CUST016,Male,19,Young Adult,Clothing,3,500,1500
17,22-04-2023,Apr,CUST017,Female,27,Young Adult,Clothing,4,25,100
18,30-04-2023,Apr,CUST018,Female,47,Older Adult,Electronics,2,25,50
19,16-09-2023,Sep,CUST019,Female,62,Older Adult,Clothing,2,25,50
20,05-11-2023,Nov,CUST020,Male,22,Young Adult,Clothing,3,300,900
21,14-01-2023,Jan,CUST021,Female,50,Older Adult,Beauty,1,500,500
22,15-10-2023,Oct,CUST022,Male,18,Young Adult,Clothing,2,50,100
23,12-04-2023,Apr,CUST023,Female,35,Middle Adult,Clothing,4,30,120
24,29-11-2023,Nov,CUST024,Female,49,Older Adult,Clothing,1,300,300
25,26-12-2023,Dec,CUST025,Female,64,Older Adult,Beauty,1,50,50
26,07-10-2023,Oct,CUST026,Female,28,Young Adult,Electronics,2,500,1000
27,03-08-2023,Aug,CUST027,Female,38,Middle Adult,Beauty,2,25,50
28,23-04-2023,Apr,CUST028,Female,43,Middle Adult,Beauty,1,500,500
29,18-08-2023,Aug,CUST029,Female,42,Middle Adult,Electronics,1,30,30
30,29-10-2023,Oct,CUST030,Female,39,Middle Adult,Beauty,3,300,900
31,23-05-2023,May,CUST031,Male,44,Middle Adult,Electronics,4,300,1200
32,04-01-2023,Jan,CUST032,Male,30,Young Adult,Beauty,3,30,90
33,23-03-2023,Mar,CUST033,Female,50,Older Adult,Electronics,2,50,100
34,24-12-2023,Dec,CUST034,Female,51,Older Adult,Clothing,3,50,150
35,05-08-2023,Aug,CUST035,Female,58,Older Adult,Beauty,3,300,900
36,24-06-2023,Jun,CUST036,Male,52,Older Adult,Beauty,3,300,900
37,23-05-2023,May,CUST037,Female,18,Young Adult,Beauty,3,25,75
38,21-03-2023,Mar,CUST038,Male,38,Middle Adult,Beauty,4,50,200
39,21-04-2023,Apr,CUST039,Male,23,Young Adult,Clothing,4,30,120
40,22-06-2023,Jun,CUST040,Male,45,Middle Adult,Beauty,1,50,50
41,22-02-2023,Feb,CUST041,Male,34,Middle Adult,Clothing,2,25,50
42,17-02-2023,Feb,CUST042,Male,22,Young Adult,Clothing,3,300,900
43,14-07-2023,Jul,CUST043,Female,48,Older Adult,Clothing,1,300,300
44,19-02-2023,Feb,CUST044,Female,22,Young Adult,Clothing,1,25,25
45,03-07-2023,Jul,CUST045,Female,55,Older Adult,Electronics,1,30,30
46,26-06-2023,Jun,CUST046,Female,20,Young Adult,Electronics,4,300,1200
47,06-11-2023,Nov,CUST047,Female,40,Middle Adult,Beauty,3,500,1500
48,16-05-2023,May,CUST048,Male,54,Older Adult,Electronics,3,300,900
49,23-01-2023,Jan,CUST049,Female,54,Older Adult,Electronics,2,500,1000
50,24-08-2023,Aug,CUST050,Female,27,Young Adult,Beauty,3,25,75
51,02-10-2023,Oct,CUST051,Male,27,Young Adult,Beauty,3,25,75
52,05-03-2023,Mar,CUST052,Female,36,Middle Adult,Beauty,1,300,300
53,13-07-2023,Jul,CUST053,Male,34,Middle Adult,Electronics,2,50,100
54,10-02-2023,Feb,CUST054,Female,38,Middle Adult,Electronics,3,500,1500
55,10-10-2023,Oct,CUST055,Male,31,Middle Adult,Beauty,4,30,120
56,31-05-2023,May,CUST056,Female,26,Young Adult,Clothing,3,300,900
57,18-11-2023,Nov,CUST057,Female,63,Older Adult,Beauty,1,30,30
58,13-11-2023,Nov,CUST058,Male,18,Young Adult,Clothing,4,300,1200
59,05-07-2023,Jul,CUST059,Male,62,Older Adult,Clothing,1,50,50
60,23-10-2023,Oct,CUST060,Male,30,Young Adult,Beauty,3,50,150
61,09-04-2023,Apr,CUST061,Male,21,Young Adult,Beauty,4,50,200
62,27-12-2023,Dec,CUST062,Male,18,Young Adult,Beauty,2,50,100
63,05-02-2023,Feb,CUST063,Male,57,Older Adult,Electronics,2,25,50
64,24-01-2023,Jan,CUST064,Male,49,Older Adult,Clothing,4,25,100
65,05-12-2023,Dec,CUST065,Male,51,Older Adult,Electronics,4,500,2000
66,27-04-2023,Apr,CUST066,Female,45,Middle Adult,Electronics,1,30,30
67,29-05-2023,May,CUST067,Female,48,Older Adult,Beauty,4,300,1200
68,10-02-2023,Feb,CUST068,Male,25,Young Adult,Electronics,1,300,300
69,30-04-2023,Apr,CUST069,Female,56,Older Adult,Beauty,3,25,75
70,21-02-2023,Feb,CUST070,Female,43,Middle Adult,Clothing,1,300,300
71,14-07-2023,Jul,CUST071,Female,51,Older Adult,Beauty,4,25,100
72,23-05-2023,May,CUST072,Female,20,Young Adult,Electronics,4,500,2000
73,21-08-2023,Aug,CUST073,Male,29,Young Adult,Electronics,3,30,90
74,22-11-2023,Nov,CUST074,Female,18,Young Adult,Beauty,4,500,2000
75,06-07-2023,Jul,CUST075,Male,61,Older Adult,Beauty,4,50,200
76,25-03-2023,Mar,CUST076,Female,22,Young Adult,Electronics,2,50,100
77,09-07-2023,Jul,CUST077,Female,47,Older Adult,Clothing,2,50,100
78,01-07-2023,Jul,CUST078,Female,47,Older Adult,Clothing,3,500,1500
79,18-04-2023,Apr,CUST079,Male,34,Middle Adult,Beauty,1,300,300
80,10-12-2023,Dec,CUST080,Female,64,Older Adult,Clothing,2,30,60
81,17-05-2023,May,CUST081,Male,40,Middle Adult,Electronics,1,50,50
82,26-12-2023,Dec,CUST082,Female,32,Middle Adult,Beauty,4,50,200
83,16-12-2023,Dec,CUST083,Male,54,Older Adult,Electronics,2,50,100
84,28-11-2023,Nov,CUST084,Female,38,Middle Adult,Electronics,3,30,90
85,06-02-2023,Feb,CUST085,Male,31,Middle Adult,Clothing,3,50,150
86,08-11-2023,Nov,CUST086,Male,19,Young Adult,Beauty,3,30,90
87,22-11-2023,Nov,CUST087,Female,28,Young Adult,Beauty,2,50,100
88,29-03-2023,Mar,CUST088,Male,56,Older Adult,Clothing,1,500,500
89,01-10-2023,Oct,CUST089,Female,55,Older Adult,Electronics,4,500,2000
90,06-05-2023,May,CUST090,Female,51,Older Adult,Electronics,1,30,30
91,25-03-2023,Mar,CUST091,Female,55,Older Adult,Electronics,1,500,500
92,25-08-2023,Aug,CUST092,Female,51,Older Adult,Electronics,4,30,120
93,14-07-2023,Jul,CUST093,Female,35,Middle Adult,Beauty,4,500,2000
94,19-05-2023,May,CUST094,Female,47,Older Adult,Beauty,2,500,1000
95,24-11-2023,Nov,CUST095,Female,32,Middle Adult,Clothing,2,30,60
96,19-12-2023,Dec,CUST096,Female,44,Middle Adult,Clothing,2,300,600
97,13-10-2023,Oct,CUST097,Female,51,Older Adult,Beauty,2,500,1000
98,23-04-2023,Apr,CUST098,Female,55,Older Adult,Beauty,2,50,100
99,17-12-2023,Dec,CUST099,Female,50,Older Adult,Electronics,4,300,1200
100,16-06-2023,Jun,CUST100,Male,41,Middle Adult,Electronics,1,30,30
101,29-01-2023,Jan,CUST101,Male,32,Middle Adult,Clothing,2,300,600
102,28-04-2023,Apr,CUST102,Female,47,Older Adult,Beauty,2,25,50
103,17-01-2023,Jan,CUST103,Female,59,Older Adult,Clothing,1,25,25
104,11-06-2023,Jun,CUST104,Female,34,Middle Adult,Beauty,2,500,1000
105,25-07-2023,Jul,CUST105,Female,22,Young Adult,Electronics,1,500,500
106,18-05-2023,May,CUST106,Female,46,Older Adult,Clothing,1,50,50
107,03-02-2023,Feb,CUST107,Female,21,Young Adult,Clothing,4,300,1200
108,19-04-2023,Apr,CUST108,Female,27,Young Adult,Beauty,3,25,75
109,18-10-2023,Oct,CUST109,Female,34,Middle Adult,Electronics,4,500,2000
110,11-06-2023,Jun,CUST110,Male,27,Young Adult,Clothing,3,300,900
111,19-04-2023,Apr,CUST111,Female,34,Middle Adult,Electronics,3,500,1500
112,02-12-2023,Dec,CUST112,Male,37,Middle Adult,Clothing,3,500,1500
113,13-09-2023,Sep,CUST113,Female,41,Middle Adult,Electronics,2,25,50
114,22-07-2023,Jul,CUST114,Female,22,Young Adult,Beauty,4,25,100
115,26-11-2023,Nov,CUST115,Male,51,Older Adult,Clothing,3,500,1500
116,23-08-2023,Aug,CUST116,Female,23,Young Adult,Clothing,1,30,30
117,15-03-2023,Mar,CUST117,Male,19,Young Adult,Electronics,2,500,1000
118,16-05-2023,May,CUST118,Female,30,Young Adult,Electronics,4,500,2000
119,13-03-2023,Mar,CUST119,Female,60,Older Adult,Clothing,3,50,150
120,07-05-2023,May,CUST120,Male,60,Older Adult,Beauty,1,50,50
121,15-10-2023,Oct,CUST121,Female,28,Young Adult,Electronics,4,50,200
122,03-10-2023,Oct,CUST122,Male,64,Older Adult,Electronics,4,30,120
123,15-05-2023,May,CUST123,Female,40,Middle Adult,Electronics,2,30,60
124,27-10-2023,Oct,CUST124,Male,33,Middle Adult,Clothing,4,500,2000
125,08-08-2023,Aug,CUST125,Male,48,Older Adult,Clothing,2,50,100
126,26-10-2023,Oct,CUST126,Female,28,Young Adult,Clothing,3,30,90
127,24-07-2023,Jul,CUST127,Female,33,Middle Adult,Clothing,2,25,50
128,05-07-2023,Jul,CUST128,Male,25,Young Adult,Beauty,1,500,500
129,23-04-2023,Apr,CUST129,Female,21,Young Adult,Beauty,2,300,600
130,12-03-2023,Mar,CUST130,Female,57,Older Adult,Clothing,1,500,500
131,18-09-2023,Sep,CUST131,Female,21,Young Adult,Beauty,2,300,600
132,10-09-2023,Sep,CUST132,Male,42,Middle Adult,Electronics,4,50,200
133,16-02-2023,Feb,CUST133,Male,20,Young Adult,Electronics,3,300,900
134,25-01-2023,Jan,CUST134,Male,49,Older Adult,Electronics,1,50,50
135,26-02-2023,Feb,CUST135,Male,20,Young Adult,Clothing,2,25,50
136,20-03-2023,Mar,CUST136,Male,44,Middle Adult,Electronics,2,300,600
137,18-11-2023,Nov,CUST137,Male,46,Older Adult,Beauty,2,500,1000
138,23-03-2023,Mar,CUST138,Male,49,Older Adult,Clothing,4,50,200
139,15-12-2023,Dec,CUST139,Male,36,Middle Adult,Beauty,4,500,2000
140,05-08-2023,Aug,CUST140,Male,38,Middle Adult,Electronics,1,30,30
141,02-11-2023,Nov,CUST141,Female,22,Young Adult,Electronics,1,50,50
142,02-02-2023,Feb,CUST142,Male,35,Middle Adult,Electronics,4,300,1200
143,17-07-2023,Jul,CUST143,Female,45,Middle Adult,Clothing,1,50,50
144,15-07-2023,Jul,CUST144,Female,59,Older Adult,Beauty,3,500,1500
145,02-11-2023,Nov,CUST145,Female,39,Middle Adult,Clothing,3,25,75
146,28-08-2023,Aug,CUST146,Male,38,Middle Adult,Clothing,4,50,200
147,28-09-2023,Sep,CUST147,Male,23,Young Adult,Electronics,1,300,300
148,09-05-2023,May,CUST148,Male,18,Young Adult,Clothing,2,30,60
149,11-10-2023,Oct,CUST149,Male,22,Young Adult,Clothing,3,25,75
150,06-01-2023,Jan,CUST150,Female,58,Older Adult,Electronics,4,30,120
151,15-12-2023,Dec,CUST151,Male,29,Young Adult,Clothing,1,50,50
152,28-02-2023,Feb,CUST152,Male,43,Middle Adult,Electronics,4,500,2000
153,16-12-2023,Dec,CUST153,Male,63,Older Adult,Electronics,2,500,1000
154,02-10-2023,Oct,CUST154,Male,51,Older Adult,Electronics,3,300,900
155,17-05-2023,May,CUST155,Male,31,Middle Adult,Electronics,4,500,2000
156,25-11-2023,Nov,CUST156,Female,43,Middle Adult,Clothing,4,25,100
157,24-06-2023,Jun,CUST157,Male,62,Older Adult,Electronics,4,500,2000
158,27-02-2023,Feb,CUST158,Female,44,Middle Adult,Electronics,2,300,600
159,31-05-2023,May,CUST159,Male,26,Young Adult,Clothing,4,50,200
160,11-08-2023,Aug,CUST160,Female,43,Middle Adult,Clothing,2,50,100
161,22-03-2023,Mar,CUST161,Male,64,Older Adult,Beauty,2,500,1000
162,21-08-2023,Aug,CUST162,Male,39,Middle Adult,Clothing,2,30,60
163,02-01-2023,Jan,CUST163,Female,64,Older Adult,Clothing,3,50,150
164,15-05-2023,May,CUST164,Female,47,Older Adult,Beauty,3,500,1500
165,14-09-2023,Sep,CUST165,Female,60,Older Adult,Clothing,4,300,1200
166,02-04-2023,Apr,CUST166,Male,34,Middle Adult,Clothing,4,500,2000
167,17-09-2023,Sep,CUST167,Female,43,Middle Adult,Clothing,3,50,150
168,24-02-2023,Feb,CUST168,Male,53,Older Adult,Clothing,1,300,300
169,17-11-2023,Nov,CUST169,Male,18,Young Adult,Beauty,3,500,1500
170,02-06-2023,Jun,CUST170,Female,25,Young Adult,Clothing,2,25,50
171,24-11-2023,Nov,CUST171,Female,52,Older Adult,Clothing,3,300,900
172,17-09-2023,Sep,CUST172,Male,32,Middle Adult,Beauty,2,25,50
173,08-11-2023,Nov,CUST173,Male,64,Older Adult,Electronics,4,30,120
174,12-04-2023,Apr,CUST174,Female,39,Middle Adult,Beauty,1,300,300
175,20-03-2023,Mar,CUST175,Female,31,Middle Adult,Electronics,4,25,100
176,11-07-2023,Jul,CUST176,Female,43,Middle Adult,Beauty,2,50,100
177,24-03-2023,Mar,CUST177,Male,45,Middle Adult,Beauty,2,50,100
178,04-10-2023,Oct,CUST178,Male,40,Middle Adult,Clothing,2,30,60
179,29-09-2023,Sep,CUST179,Male,31,Middle Adult,Electronics,1,300,300
180,01-01-2023,Jan,CUST180,Male,41,Middle Adult,Clothing,3,300,900
181,03-11-2023,Nov,CUST181,Male,19,Young Adult,Electronics,4,300,1200
182,15-06-2023,Jun,CUST182,Male,62,Older Adult,Beauty,4,30,120
183,08-09-2023,Sep,CUST183,Female,43,Middle Adult,Beauty,3,300,900
184,10-01-2023,Jan,CUST184,Male,31,Middle Adult,Electronics,4,50,200
185,27-02-2023,Feb,CUST185,Male,24,Young Adult,Clothing,1,25,25
186,05-07-2023,Jul,CUST186,Male,20,Young Adult,Clothing,4,50,200
187,07-06-2023,Jun,CUST187,Female,64,Older Adult,Clothing,2,50,100
188,03-05-2023,May,CUST188,Male,40,Middle Adult,Clothing,3,25,75
189,30-01-2023,Jan,CUST189,Male,63,Older Adult,Beauty,1,50,50
190,04-05-2023,May,CUST190,Female,60,Older Adult,Beauty,3,30,90
191,18-10-2023,Oct,CUST191,Male,64,Older Adult,Beauty,1,25,25
192,10-02-2023,Feb,CUST192,Male,62,Older Adult,Beauty,2,50,100
193,13-02-2023,Feb,CUST193,Male,35,Middle Adult,Beauty,3,500,1500
194,06-09-2023,Sep,CUST194,Male,55,Older Adult,Clothing,4,50,200
195,05-02-2023,Feb,CUST195,Male,52,Older Adult,Clothing,1,30,30
196,30-09-2023,Sep,CUST196,Female,32,Middle Adult,Clothing,3,300,900
197,06-03-2023,Mar,CUST197,Female,42,Middle Adult,Clothing,4,50,200
198,07-03-2023,Mar,CUST198,Female,54,Older Adult,Beauty,3,300,900
199,04-12-2023,Dec,CUST199,Male,45,Middle Adult,Beauty,3,500,1500
200,01-09-2023,Sep,CUST200,Male,27,Young Adult,Beauty,3,50,150
201,09-10-2023,Oct,CUST201,Male,56,Older Adult,Electronics,1,25,25
202,26-03-2023,Mar,CUST202,Female,34,Middle Adult,Clothing,4,300,1200
203,16-05-2023,May,CUST203,Male,56,Older Adult,Clothing,2,500,1000
204,28-09-2023,Sep,CUST204,Male,39,Middle Adult,Beauty,1,25,25
205,07-11-2023,Nov,CUST205,Female,43,Middle Adult,Clothing,1,25,25
206,05-08-2023,Aug,CUST206,Male,61,Older Adult,Clothing,1,25,25
207,19-04-2023,Apr,CUST207,Female,42,Middle Adult,Beauty,2,25,50
208,04-10-2023,Oct,CUST208,Female,34,Middle Adult,Electronics,4,50,200
209,20-12-2023,Dec,CUST209,Female,30,Young Adult,Electronics,4,50,200
210,13-04-2023,Apr,CUST210,Male,37,Middle Adult,Electronics,4,50,200
211,01-01-2024,Jan,CUST211,Male,42,Middle Adult,Beauty,3,500,1500
212,09-06-2023,Jun,CUST212,Male,21,Young Adult,Clothing,3,500,1500
213,24-07-2023,Jul,CUST213,Male,27,Young Adult,Beauty,3,500,1500
214,10-12-2023,Dec,CUST214,Male,20,Young Adult,Beauty,2,30,60
215,29-11-2023,Nov,CUST215,Male,58,Older Adult,Clothing,3,500,1500
216,11-07-2023,Jul,CUST216,Male,62,Older Adult,Electronics,2,50,100
217,13-08-2023,Aug,CUST217,Female,35,Middle Adult,Electronics,4,50,200
218,22-09-2023,Sep,CUST218,Male,64,Older Adult,Beauty,3,30,90
219,20-08-2023,Aug,CUST219,Female,53,Older Adult,Electronics,3,30,90
220,03-03-2023,Mar,CUST220,Male,64,Older Adult,Beauty,1,500,500
221,07-05-2023,May,CUST221,Male,39,Middle Adult,Beauty,2,300,600
222,26-04-2023,Apr,CUST222,Male,51,Older Adult,Clothing,4,30,120
223,02-02-2023,Feb,CUST223,Female,64,Older Adult,Clothing,1,25,25
224,23-06-2023,Jun,CUST224,Female,25,Young Adult,Clothing,1,50,50
225,11-01-2023,Jan,CUST225,Female,57,Older Adult,Beauty,4,25,100
226,29-10-2023,Oct,CUST226,Female,61,Older Adult,Clothing,1,50,50
227,11-10-2023,Oct,CUST227,Male,36,Middle Adult,Electronics,2,50,100
228,28-04-2023,Apr,CUST228,Female,59,Older Adult,Electronics,2,30,60
229,29-10-2023,Oct,CUST229,Male,58,Older Adult,Beauty,3,30,90
230,23-04-2023,Apr,CUST230,Male,54,Older Adult,Beauty,1,25,25
231,04-01-2023,Jan,CUST231,Female,23,Young Adult,Clothing,3,50,150
232,06-02-2023,Feb,CUST232,Female,43,Middle Adult,Beauty,1,25,25
233,29-12-2023,Dec,CUST233,Female,51,Older Adult,Beauty,2,300,600
234,20-11-2023,Nov,CUST234,Female,62,Older Adult,Electronics,2,25,50
235,31-01-2023,Jan,CUST235,Female,23,Young Adult,Electronics,2,500,1000
236,28-04-2023,Apr,CUST236,Female,54,Older Adult,Clothing,1,25,25
237,04-02-2023,Feb,CUST237,Female,50,Older Adult,Beauty,2,500,1000
238,17-01-2023,Jan,CUST238,Female,39,Middle Adult,Beauty,1,500,500
239,19-06-2023,Jun,CUST239,Male,38,Middle Adult,Electronics,3,500,1500
240,06-02-2023,Feb,CUST240,Female,23,Young Adult,Beauty,1,300,300
241,21-09-2023,Sep,CUST241,Female,23,Young Adult,Electronics,3,25,75
242,02-05-2023,May,CUST242,Male,21,Young Adult,Clothing,1,25,25
243,23-05-2023,May,CUST243,Female,47,Older Adult,Electronics,3,300,900
244,09-12-2023,Dec,CUST244,Male,28,Young Adult,Beauty,2,50,100
245,06-09-2023,Sep,CUST245,Male,47,Older Adult,Clothing,3,30,90
246,20-04-2023,Apr,CUST246,Female,48,Older Adult,Electronics,2,25,50
247,04-10-2023,Oct,CUST247,Male,41,Middle Adult,Electronics,2,30,60
248,09-03-2023,Mar,CUST248,Male,26,Young Adult,Clothing,3,300,900
249,20-10-2023,Oct,CUST249,Male,20,Young Adult,Clothing,1,50,50
250,23-10-2023,Oct,CUST250,Male,48,Older Adult,Electronics,1,50,50
251,31-08-2023,Aug,CUST251,Female,57,Older Adult,Beauty,4,50,200
252,05-05-2023,May,CUST252,Male,54,Older Adult,Electronics,1,300,300
253,31-08-2023,Aug,CUST253,Female,53,Older Adult,Clothing,4,500,2000
254,28-07-2023,Jul,CUST254,Male,41,Middle Adult,Electronics,1,500,500
255,08-04-2023,Apr,CUST255,Male,48,Older Adult,Clothing,1,30,30
256,18-02-2023,Feb,CUST256,Male,23,Young Adult,Clothing,2,500,1000
257,19-02-2023,Feb,CUST257,Male,19,Young Adult,Beauty,4,500,2000
258,04-12-2023,Dec,CUST258,Female,37,Middle Adult,Clothing,1,50,50
259,09-08-2023,Aug,CUST259,Female,45,Middle Adult,Clothing,4,50,200
260,01-07-2023,Jul,CUST260,Male,28,Young Adult,Beauty,2,30,60
261,05-08-2023,Aug,CUST261,Male,21,Young Adult,Clothing,2,25,50
262,30-07-2023,Jul,CUST262,Female,32,Middle Adult,Beauty,4,30,120
263,28-08-2023,Aug,CUST263,Male,23,Young Adult,Beauty,2,30,60
264,28-01-2023,Jan,CUST264,Male,47,Older Adult,Clothing,3,300,900
265,11-12-2023,Dec,CUST265,Male,55,Older Adult,Clothing,3,300,900
266,01-12-2023,Dec,CUST266,Female,19,Young Adult,Electronics,2,30,60
267,27-11-2023,Nov,CUST267,Female,32,Middle Adult,Beauty,3,30,90
268,20-02-2023,Feb,CUST268,Female,28,Young Adult,Electronics,1,30,30
269,01-02-2023,Feb,CUST269,Male,25,Young Adult,Clothing,4,500,2000
270,26-07-2023,Jul,CUST270,Male,43,Middle Adult,Electronics,1,300,300
271,23-06-2023,Jun,CUST271,Female,62,Older Adult,Beauty,4,30,120
272,25-02-2023,Feb,CUST272,Female,61,Older Adult,Electronics,2,50,100
273,08-05-2023,May,CUST273,Female,22,Young Adult,Beauty,1,50,50
274,09-04-2023,Apr,CUST274,Female,23,Young Adult,Clothing,2,500,1000
275,08-04-2023,Apr,CUST275,Male,43,Middle Adult,Clothing,2,500,1000
276,02-10-2023,Oct,CUST276,Female,21,Young Adult,Beauty,4,25,100
277,18-08-2023,Aug,CUST277,Male,36,Middle Adult,Clothing,4,25,100
278,13-03-2023,Mar,CUST278,Female,37,Middle Adult,Clothing,4,25,100
279,05-08-2023,Aug,CUST279,Male,50,Older Adult,Clothing,1,500,500
280,04-04-2023,Apr,CUST280,Female,37,Middle Adult,Clothing,3,500,1500
281,23-05-2023,May,CUST281,Female,29,Young Adult,Beauty,4,500,2000
282,25-08-2023,Aug,CUST282,Female,64,Older Adult,Electronics,4,50,200
283,08-05-2023,May,CUST283,Female,18,Young Adult,Electronics,1,500,500
284,08-02-2023,Feb,CUST284,Male,43,Middle Adult,Clothing,4,50,200
285,15-08-2023,Aug,CUST285,Female,31,Middle Adult,Electronics,1,25,25
286,09-10-2023,Oct,CUST286,Male,55,Older Adult,Electronics,2,25,50
287,20-02-2023,Feb,CUST287,Male,54,Older Adult,Clothing,4,25,100
288,26-01-2023,Jan,CUST288,Male,28,Young Adult,Clothing,4,30,120
289,30-11-2023,Nov,CUST289,Male,53,Older Adult,Electronics,2,30,60
290,04-10-2023,Oct,CUST290,Female,30,Young Adult,Beauty,2,300,600
291,08-01-2023,Jan,CUST291,Male,60,Older Adult,Clothing,2,300,600
292,17-02-2023,Feb,CUST292,Male,20,Young Adult,Beauty,4,300,1200
293,02-05-2023,May,CUST293,Male,50,Older Adult,Electronics,3,30,90
294,27-03-2023,Mar,CUST294,Female,23,Young Adult,Clothing,3,30,90
295,28-07-2023,Jul,CUST295,Female,27,Young Adult,Beauty,3,300,900
296,06-09-2023,Sep,CUST296,Female,22,Young Adult,Clothing,4,300,1200
297,04-09-2023,Sep,CUST297,Female,40,Middle Adult,Electronics,2,500,1000
298,20-04-2023,Apr,CUST298,Male,27,Young Adult,Beauty,4,300,1200
299,25-07-2023,Jul,CUST299,Male,61,Older Adult,Electronics,2,500,1000
300,31-01-2023,Jan,CUST300,Female,19,Young Adult,Electronics,4,50,200
301,26-03-2023,Mar,CUST301,Male,30,Young Adult,Clothing,4,30,120
302,14-07-2023,Jul,CUST302,Male,57,Older Adult,Beauty,2,300,600
303,02-01-2023,Jan,CUST303,Male,19,Young Adult,Electronics,3,30,90
304,19-07-2023,Jul,CUST304,Female,37,Middle Adult,Electronics,2,30,60
305,16-05-2023,May,CUST305,Female,18,Young Adult,Beauty,1,30,30
306,21-08-2023,Aug,CUST306,Male,54,Older Adult,Electronics,1,50,50
307,27-05-2023,May,CUST307,Female,26,Young Adult,Electronics,2,25,50
308,05-08-2023,Aug,CUST308,Female,34,Middle Adult,Beauty,4,300,1200
309,23-12-2023,Dec,CUST309,Female,26,Young Adult,Beauty,1,25,25
310,12-10-2023,Oct,CUST310,Female,28,Young Adult,Beauty,1,25,25
311,05-12-2023,Dec,CUST311,Female,32,Middle Adult,Beauty,4,25,100
312,07-09-2023,Sep,CUST312,Male,41,Middle Adult,Clothing,4,30,120
313,21-03-2023,Mar,CUST313,Female,55,Older Adult,Beauty,3,500,1500
314,08-04-2023,Apr,CUST314,Male,52,Older Adult,Clothing,4,30,120
315,01-06-2023,Jun,CUST315,Male,47,Older Adult,Clothing,2,30,60
316,22-04-2023,Apr,CUST316,Female,48,Older Adult,Clothing,2,25,50
317,30-01-2023,Jan,CUST317,Male,22,Young Adult,Electronics,3,30,90
318,24-10-2023,Oct,CUST318,Male,61,Older Adult,Clothing,1,25,25
319,05-10-2023,Oct,CUST319,Male,31,Middle Adult,Clothing,1,500,500
320,01-02-2023,Feb,CUST320,Female,28,Young Adult,Electronics,4,300,1200
321,10-06-2023,Jun,CUST321,Female,26,Young Adult,Electronics,2,25,50
322,30-01-2023,Jan,CUST322,Male,51,Older Adult,Electronics,1,500,500
323,26-01-2023,Jan,CUST323,Female,29,Young Adult,Beauty,3,300,900
324,27-10-2023,Oct,CUST324,Female,52,Older Adult,Electronics,3,50,150
325,02-09-2023,Sep,CUST325,Female,52,Older Adult,Electronics,2,25,50
326,15-09-2023,Sep,CUST326,Female,18,Young Adult,Clothing,3,25,75
327,29-09-2023,Sep,CUST327,Male,57,Older Adult,Electronics,3,50,150
328,22-03-2023,Mar,CUST328,Male,39,Middle Adult,Beauty,2,50,100
329,30-01-2023,Jan,CUST329,Female,46,Older Adult,Electronics,4,25,100
330,18-09-2023,Sep,CUST330,Female,25,Young Adult,Beauty,4,50,200
331,11-02-2023,Feb,CUST331,Male,28,Young Adult,Electronics,3,30,90
332,06-04-2023,Apr,CUST332,Male,58,Older Adult,Electronics,4,300,1200
333,05-02-2023,Feb,CUST333,Female,54,Older Adult,Electronics,4,300,1200
334,01-11-2023,Nov,CUST334,Male,31,Middle Adult,Electronics,3,300,900
335,04-02-2023,Feb,CUST335,Female,47,Older Adult,Beauty,4,30,120
336,12-12-2023,Dec,CUST336,Female,52,Older Adult,Beauty,3,50,150
337,01-05-2023,May,CUST337,Male,38,Middle Adult,Clothing,1,500,500
338,26-07-2023,Jul,CUST338,Male,54,Older Adult,Beauty,2,50,100
339,03-03-2023,Mar,CUST339,Female,22,Young Adult,Electronics,2,25,50
340,19-10-2023,Oct,CUST340,Female,36,Middle Adult,Clothing,4,300,1200
341,07-05-2023,May,CUST341,Male,31,Middle Adult,Clothing,4,50,200
342,24-10-2023,Oct,CUST342,Female,43,Middle Adult,Clothing,4,500,2000
343,01-11-2023,Nov,CUST343,Male,21,Young Adult,Electronics,2,25,50
344,21-01-2023,Jan,CUST344,Female,42,Middle Adult,Beauty,1,30,30
345,14-11-2023,Nov,CUST345,Male,62,Older Adult,Electronics,1,30,30
346,11-02-2023,Feb,CUST346,Male,59,Older Adult,Clothing,2,500,1000
347,03-08-2023,Aug,CUST347,Male,42,Middle Adult,Electronics,1,25,25
348,03-12-2023,Dec,CUST348,Female,35,Middle Adult,Electronics,2,300,600
349,26-10-2023,Oct,CUST349,Female,57,Older Adult,Beauty,1,50,50
350,17-10-2023,Oct,CUST350,Male,25,Young Adult,Beauty,3,25,75
351,25-09-2023,Sep,CUST351,Female,56,Older Adult,Clothing,3,30,90
352,11-06-2023,Jun,CUST352,Male,57,Older Adult,Electronics,2,500,1000
353,14-05-2023,May,CUST353,Male,31,Middle Adult,Electronics,1,500,500
354,15-04-2023,Apr,CUST354,Female,49,Older Adult,Beauty,4,50,200
355,09-12-2023,Dec,CUST355,Female,55,Older Adult,Electronics,1,500,500
356,10-06-2023,Jun,CUST356,Male,50,Older Adult,Electronics,3,500,1500
357,03-05-2023,May,CUST357,Female,40,Middle Adult,Electronics,3,25,75
358,16-05-2023,May,CUST358,Female,32,Middle Adult,Beauty,1,300,300
359,22-07-2023,Jul,CUST359,Male,50,Older Adult,Clothing,1,50,50
360,09-03-2023,Mar,CUST360,Male,42,Middle Adult,Clothing,4,25,100
361,10-12-2023,Dec,CUST361,Female,34,Middle Adult,Electronics,4,300,1200
362,27-11-2023,Nov,CUST362,Male,50,Older Adult,Clothing,1,25,25
363,03-06-2023,Jun,CUST363,Male,64,Older Adult,Beauty,1,25,25
364,23-08-2023,Aug,CUST364,Female,19,Young Adult,Beauty,1,500,500
365,11-06-2023,Jun,CUST365,Male,31,Middle Adult,Clothing,1,300,300
366,07-02-2023,Feb,CUST366,Male,57,Older Adult,Clothing,2,50,100
367,05-01-2023,Jan,CUST367,Female,57,Older Adult,Electronics,1,50,50
368,23-08-2023,Aug,CUST368,Female,56,Older Adult,Clothing,4,300,1200
369,15-11-2023,Nov,CUST369,Male,23,Young Adult,Electronics,3,500,1500
370,16-10-2023,Oct,CUST370,Male,23,Young Adult,Electronics,2,30,60
371,21-02-2023,Feb,CUST371,Female,20,Young Adult,Beauty,1,25,25
372,07-02-2023,Feb,CUST372,Female,24,Young Adult,Beauty,3,500,1500
373,03-10-2023,Oct,CUST373,Female,25,Young Adult,Beauty,2,300,600
374,20-04-2023,Apr,CUST374,Female,59,Older Adult,Beauty,3,25,75
375,17-09-2023,Sep,CUST375,Male,32,Middle Adult,Clothing,1,50,50
376,16-05-2023,May,CUST376,Female,64,Older Adult,Beauty,1,30,30
377,09-03-2023,Mar,CUST377,Female,46,Older Adult,Clothing,4,50,200
378,28-06-2023,Jun,CUST378,Male,50,Older Adult,Beauty,1,300,300
379,05-02-2023,Feb,CUST379,Female,47,Older Adult,Clothing,1,25,25
380,06-05-2023,May,CUST380,Male,56,Older Adult,Electronics,2,300,600
381,09-07-2023,Jul,CUST381,Female,44,Middle Adult,Clothing,4,25,100
382,26-05-2023,May,CUST382,Female,53,Older Adult,Clothing,2,500,1000
383,22-03-2023,Mar,CUST383,Female,46,Older Adult,Beauty,3,30,90
384,13-08-2023,Aug,CUST384,Male,55,Older Adult,Clothing,1,500,500
385,06-10-2023,Oct,CUST385,Male,50,Older Adult,Electronics,3,500,1500
386,27-12-2023,Dec,CUST386,Female,54,Older Adult,Electronics,2,300,600
387,04-06-2023,Jun,CUST387,Male,44,Middle Adult,Beauty,1,30,30
388,10-11-2023,Nov,CUST388,Male,50,Older Adult,Electronics,1,25,25
389,01-12-2023,Dec,CUST389,Male,21,Young Adult,Clothing,2,25,50
390,28-09-2023,Sep,CUST390,Male,39,Middle Adult,Electronics,2,50,100
391,05-01-2023,Jan,CUST391,Male,19,Young Adult,Beauty,2,25,50
392,08-12-2023,Dec,CUST392,Male,27,Young Adult,Clothing,2,300,600
393,11-10-2023,Oct,CUST393,Female,22,Young Adult,Beauty,2,500,1000
394,03-06-2023,Jun,CUST394,Female,27,Young Adult,Clothing,1,500,500
395,06-12-2023,Dec,CUST395,Male,50,Older Adult,Electronics,2,500,1000
396,23-02-2023,Feb,CUST396,Female,55,Older Adult,Beauty,1,30,30
397,10-03-2023,Mar,CUST397,Female,30,Young Adult,Beauty,1,25,25
398,16-05-2023,May,CUST398,Female,48,Older Adult,Clothing,2,300,600
399,01-03-2023,Mar,CUST399,Female,64,Older Adult,Beauty,2,30,60
400,24-02-2023,Feb,CUST400,Male,53,Older Adult,Clothing,4,50,200
401,11-10-2023,Oct,CUST401,Female,62,Older Adult,Clothing,1,300,300
402,21-03-2023,Mar,CUST402,Female,41,Middle Adult,Clothing,2,300,600
403,20-05-2023,May,CUST403,Male,32,Middle Adult,Clothing,2,300,600
404,25-05-2023,May,CUST404,Male,46,Older Adult,Electronics,2,500,1000
405,06-11-2023,Nov,CUST405,Female,25,Young Adult,Clothing,4,300,1200
406,18-04-2023,Apr,CUST406,Female,22,Young Adult,Beauty,4,25,100
407,25-06-2023,Jun,CUST407,Female,46,Older Adult,Electronics,3,300,900
408,15-04-2023,Apr,CUST408,Female,64,Older Adult,Beauty,1,500,500
409,18-12-2023,Dec,CUST409,Female,21,Young Adult,Electronics,3,300,900
410,21-11-2023,Nov,CUST410,Female,29,Young Adult,Clothing,2,50,100
411,16-05-2023,May,CUST411,Male,62,Older Adult,Electronics,4,50,200
412,16-09-2023,Sep,CUST412,Female,19,Young Adult,Electronics,4,500,2000
413,08-09-2023,Sep,CUST413,Female,44,Middle Adult,Beauty,3,25,75
414,09-05-2023,May,CUST414,Male,48,Older Adult,Beauty,4,25,100
415,27-01-2023,Jan,CUST415,Male,53,Older Adult,Clothing,2,30,60
416,17-02-2023,Feb,CUST416,Male,53,Older Adult,Electronics,4,500,2000
417,21-11-2023,Nov,CUST417,Male,43,Middle Adult,Electronics,3,300,900
418,05-08-2023,Aug,CUST418,Female,60,Older Adult,Electronics,2,500,1000
419,22-05-2023,May,CUST419,Female,44,Middle Adult,Clothing,3,30,90
420,23-01-2023,Jan,CUST420,Female,22,Young Adult,Clothing,4,500,2000
421,02-01-2023,Jan,CUST421,Female,37,Middle Adult,Clothing,3,500,1500
422,20-06-2023,Jun,CUST422,Female,28,Young Adult,Clothing,3,30,90
423,08-03-2023,Mar,CUST423,Female,27,Young Adult,Clothing,1,25,25
424,23-11-2023,Nov,CUST424,Male,57,Older Adult,Beauty,4,300,1200
425,15-05-2023,May,CUST425,Female,55,Older Adult,Electronics,4,30,120
426,24-03-2023,Mar,CUST426,Male,23,Young Adult,Electronics,3,50,150
427,15-08-2023,Aug,CUST427,Male,25,Young Adult,Electronics,1,25,25
428,10-10-2023,Oct,CUST428,Female,40,Middle Adult,Electronics,4,50,200
429,28-12-2023,Dec,CUST429,Male,64,Older Adult,Electronics,2,25,50
430,07-08-2023,Aug,CUST430,Female,43,Middle Adult,Electronics,3,300,900
431,15-10-2023,Oct,CUST431,Male,63,Older Adult,Electronics,4,300,1200
432,05-01-2023,Jan,CUST432,Female,60,Older Adult,Electronics,2,500,1000
433,27-02-2023,Feb,CUST433,Male,29,Young Adult,Beauty,4,50,200
434,08-02-2023,Feb,CUST434,Female,43,Middle Adult,Electronics,2,25,50
435,20-12-2023,Dec,CUST435,Female,30,Young Adult,Beauty,3,300,900
436,18-03-2023,Mar,CUST436,Female,57,Older Adult,Clothing,4,30,120
437,07-10-2023,Oct,CUST437,Female,35,Middle Adult,Electronics,4,300,1200
438,19-01-2023,Jan,CUST438,Female,42,Middle Adult,Clothing,1,30,30
439,09-07-2023,Jul,CUST439,Male,50,Older Adult,Clothing,3,25,75
440,26-10-2023,Oct,CUST440,Male,64,Older Adult,Clothing,2,300,600
441,10-10-2023,Oct,CUST441,Male,57,Older Adult,Beauty,4,300,1200
442,17-03-2023,Mar,CUST442,Female,60,Older Adult,Clothing,4,25,100
443,09-08-2023,Aug,CUST443,Male,29,Young Adult,Clothing,2,300,600
444,07-03-2023,Mar,CUST444,Female,61,Older Adult,Clothing,3,30,90
445,22-01-2023,Jan,CUST445,Female,53,Older Adult,Electronics,1,300,300
446,07-06-2023,Jun,CUST446,Male,21,Young Adult,Electronics,1,50,50
447,06-07-2023,Jul,CUST447,Male,22,Young Adult,Beauty,4,500,2000
448,21-01-2023,Jan,CUST448,Female,54,Older Adult,Beauty,2,30,60
449,03-07-2023,Jul,CUST449,Male,25,Young Adult,Electronics,4,50,200
450,18-04-2023,Apr,CUST450,Female,59,Older Adult,Beauty,2,25,50
451,16-12-2023,Dec,CUST451,Female,45,Middle Adult,Electronics,1,30,30
452,08-05-2023,May,CUST452,Female,48,Older Adult,Clothing,3,500,1500
453,08-12-2023,Dec,CUST453,Female,26,Young Adult,Clothing,2,500,1000
454,22-02-2023,Feb,CUST454,Female,46,Older Adult,Beauty,1,25,25
455,01-07-2023,Jul,CUST455,Male,31,Middle Adult,Electronics,4,25,100
456,14-10-2023,Oct,CUST456,Male,57,Older Adult,Electronics,2,30,60
457,28-07-2023,Jul,CUST457,Female,58,Older Adult,Beauty,3,300,900
458,14-11-2023,Nov,CUST458,Female,39,Middle Adult,Electronics,4,25,100
459,21-03-2023,Mar,CUST459,Male,28,Young Adult,Clothing,4,300,1200
460,02-05-2023,May,CUST460,Male,40,Middle Adult,Beauty,1,50,50
461,25-03-2023,Mar,CUST461,Female,18,Young Adult,Beauty,2,500,1000
462,01-04-2023,Apr,CUST462,Male,63,Older Adult,Electronics,4,300,1200
463,31-07-2023,Jul,CUST463,Female,54,Older Adult,Beauty,3,500,1500
464,13-01-2023,Jan,CUST464,Male,38,Middle Adult,Electronics,2,300,600
465,02-04-2023,Apr,CUST465,Female,43,Middle Adult,Electronics,3,50,150
466,20-06-2023,Jun,CUST466,Male,63,Older Adult,Electronics,4,25,100
467,30-07-2023,Jul,CUST467,Female,53,Older Adult,Electronics,3,50,150
468,09-12-2023,Dec,CUST468,Male,40,Middle Adult,Electronics,1,25,25
469,08-05-2023,May,CUST469,Male,18,Young Adult,Beauty,3,25,75
470,17-05-2023,May,CUST470,Female,57,Older Adult,Clothing,2,500,1000
471,23-03-2023,Mar,CUST471,Male,32,Middle Adult,Clothing,3,50,150
472,26-12-2023,Dec,CUST472,Female,38,Middle Adult,Beauty,3,300,900
473,25-02-2023,Feb,CUST473,Male,64,Older Adult,Beauty,1,50,50
474,15-07-2023,Jul,CUST474,Female,26,Young Adult,Clothing,3,500,1500
475,20-01-2023,Jan,CUST475,Male,26,Young Adult,Clothing,3,25,75
476,29-08-2023,Aug,CUST476,Female,27,Young Adult,Clothing,4,500,2000
477,24-04-2023,Apr,CUST477,Male,43,Middle Adult,Clothing,4,30,120
478,13-04-2023,Apr,CUST478,Female,58,Older Adult,Clothing,2,30,60
479,24-08-2023,Aug,CUST479,Male,52,Older Adult,Electronics,4,300,1200
480,29-06-2023,Jun,CUST480,Female,42,Middle Adult,Beauty,4,500,2000
481,06-06-2023,Jun,CUST481,Female,43,Middle Adult,Electronics,4,300,1200
482,27-04-2023,Apr,CUST482,Female,28,Young Adult,Clothing,4,300,1200
483,25-04-2023,Apr,CUST483,Male,55,Older Adult,Clothing,1,30,30
484,13-01-2023,Jan,CUST484,Female,19,Young Adult,Clothing,4,300,1200
485,04-12-2023,Dec,CUST485,Male,24,Young Adult,Electronics,1,30,30
486,09-04-2023,Apr,CUST486,Female,35,Middle Adult,Electronics,1,25,25
487,24-07-2023,Jul,CUST487,Male,44,Middle Adult,Clothing,4,500,2000
488,18-06-2023,Jun,CUST488,Female,51,Older Adult,Electronics,3,300,900
489,23-05-2023,May,CUST489,Male,44,Middle Adult,Electronics,1,30,30
490,05-02-2023,Feb,CUST490,Male,34,Middle Adult,Clothing,3,50,150
491,23-05-2023,May,CUST491,Female,60,Older Adult,Electronics,3,300,900
492,29-06-2023,Jun,CUST492,Male,61,Older Adult,Beauty,4,25,100
493,25-11-2023,Nov,CUST493,Male,41,Middle Adult,Beauty,2,25,50
494,18-09-2023,Sep,CUST494,Female,42,Middle Adult,Beauty,4,50,200
495,24-07-2023,Jul,CUST495,Male,24,Young Adult,Beauty,2,30,60
496,14-12-2023,Dec,CUST496,Male,23,Young Adult,Clothing,2,300,600
497,02-10-2023,Oct,CUST497,Male,41,Middle Adult,Clothing,4,30,120
498,19-06-2023,Jun,CUST498,Female,50,Older Adult,Clothing,4,25,100
499,15-01-2023,Jan,CUST499,Male,46,Older Adult,Beauty,2,30,60
500,01-03-2023,Mar,CUST500,Female,60,Older Adult,Beauty,4,25,100
501,14-05-2023,May,CUST501,Male,39,Middle Adult,Electronics,2,30,60
502,02-04-2023,Apr,CUST502,Male,43,Middle Adult,Electronics,3,50,150
503,25-10-2023,Oct,CUST503,Male,45,Middle Adult,Beauty,4,500,2000
504,16-05-2023,May,CUST504,Female,38,Middle Adult,Beauty,3,50,150
505,20-01-2023,Jan,CUST505,Male,24,Young Adult,Beauty,1,50,50
506,25-02-2023,Feb,CUST506,Male,34,Middle Adult,Beauty,3,500,1500
507,02-11-2023,Nov,CUST507,Female,37,Middle Adult,Electronics,3,500,1500
508,11-08-2023,Aug,CUST508,Male,58,Older Adult,Beauty,2,300,600
509,26-06-2023,Jun,CUST509,Female,37,Middle Adult,Electronics,3,300,900
510,10-06-2023,Jun,CUST510,Female,39,Middle Adult,Beauty,4,50,200
511,12-08-2023,Aug,CUST511,Male,45,Middle Adult,Beauty,2,50,100
512,07-11-2023,Nov,CUST512,Female,57,Older Adult,Beauty,1,25,25
513,19-09-2023,Sep,CUST513,Male,24,Young Adult,Electronics,4,25,100
514,01-03-2023,Mar,CUST514,Female,18,Young Adult,Electronics,1,300,300
515,17-07-2023,Jul,CUST515,Female,49,Older Adult,Clothing,3,300,900
516,23-10-2023,Oct,CUST516,Male,30,Young Adult,Beauty,4,25,100
517,08-04-2023,Apr,CUST517,Female,47,Older Adult,Clothing,4,25,100
518,11-05-2023,May,CUST518,Female,40,Middle Adult,Clothing,1,30,30
519,23-01-2023,Jan,CUST519,Female,36,Middle Adult,Electronics,4,30,120
520,29-12-2023,Dec,CUST520,Female,49,Older Adult,Electronics,4,25,100
521,12-08-2023,Aug,CUST521,Female,47,Older Adult,Clothing,4,30,120
522,01-01-2023,Jan,CUST522,Male,46,Older Adult,Beauty,3,500,1500
523,24-09-2023,Sep,CUST523,Female,62,Older Adult,Electronics,1,300,300
524,03-10-2023,Oct,CUST524,Male,46,Older Adult,Beauty,4,300,1200
525,18-12-2023,Dec,CUST525,Female,47,Older Adult,Beauty,2,25,50
526,10-12-2023,Dec,CUST526,Male,33,Middle Adult,Clothing,2,50,100
527,11-04-2023,Apr,CUST527,Male,57,Older Adult,Clothing,2,25,50
528,06-07-2023,Jul,CUST528,Female,36,Middle Adult,Clothing,2,30,60
529,09-08-2023,Aug,CUST529,Female,35,Middle Adult,Clothing,3,50,150
530,05-02-2023,Feb,CUST530,Female,18,Young Adult,Electronics,4,30,120
531,07-12-2023,Dec,CUST531,Male,31,Middle Adult,Electronics,1,500,500
532,19-06-2023,Jun,CUST532,Female,64,Older Adult,Clothing,4,30,120
533,16-11-2023,Nov,CUST533,Male,19,Young Adult,Electronics,3,500,1500
534,10-06-2023,Jun,CUST534,Male,45,Middle Adult,Clothing,2,500,1000
535,06-12-2023,Dec,CUST535,Male,47,Older Adult,Beauty,3,30,90
536,05-03-2023,Mar,CUST536,Female,55,Older Adult,Beauty,4,30,120
537,03-06-2023,Jun,CUST537,Female,21,Young Adult,Beauty,1,500,500
538,17-09-2023,Sep,CUST538,Male,18,Young Adult,Clothing,3,50,150
539,08-06-2023,Jun,CUST539,Male,25,Young Adult,Beauty,1,500,500
540,08-12-2023,Dec,CUST540,Female,46,Older Adult,Electronics,3,300,900
541,29-07-2023,Jul,CUST541,Male,56,Older Adult,Beauty,1,500,500
542,17-06-2023,Jun,CUST542,Female,20,Young Adult,Beauty,1,50,50
543,26-07-2023,Jul,CUST543,Male,49,Older Adult,Beauty,2,300,600
544,23-12-2023,Dec,CUST544,Female,27,Young Adult,Electronics,1,25,25
545,01-06-2023,Jun,CUST545,Male,27,Young Adult,Clothing,2,25,50
546,11-10-2023,Oct,CUST546,Female,36,Middle Adult,Electronics,4,50,200
547,07-03-2023,Mar,CUST547,Male,63,Older Adult,Clothing,4,500,2000
548,09-04-2023,Apr,CUST548,Female,51,Older Adult,Clothing,2,30,60
549,04-08-2023,Aug,CUST549,Female,50,Older Adult,Beauty,2,50,100
550,07-12-2023,Dec,CUST550,Male,40,Middle Adult,Clothing,3,300,900
551,14-07-2023,Jul,CUST551,Male,45,Middle Adult,Electronics,3,300,900
552,13-12-2023,Dec,CUST552,Female,49,Older Adult,Electronics,3,25,75
553,31-03-2023,Mar,CUST553,Male,24,Young Adult,Clothing,4,300,1200
554,12-11-2023,Nov,CUST554,Female,46,Older Adult,Beauty,3,50,150
555,19-10-2023,Oct,CUST555,Male,25,Young Adult,Beauty,1,300,300
556,04-06-2023,Jun,CUST556,Female,18,Young Adult,Electronics,1,50,50
557,27-07-2023,Jul,CUST557,Female,20,Young Adult,Beauty,3,30,90
558,08-10-2023,Oct,CUST558,Female,41,Middle Adult,Clothing,1,25,25
559,01-01-2023,Jan,CUST559,Female,40,Middle Adult,Clothing,4,300,1200
560,05-06-2023,Jun,CUST560,Female,25,Young Adult,Electronics,1,50,50
561,27-05-2023,May,CUST561,Female,64,Older Adult,Clothing,4,500,2000
562,18-04-2023,Apr,CUST562,Male,54,Older Adult,Electronics,2,25,50
563,09-08-2023,Aug,CUST563,Male,20,Young Adult,Clothing,2,30,60
564,24-10-2023,Oct,CUST564,Male,50,Older Adult,Electronics,2,50,100
565,07-11-2023,Nov,CUST565,Female,45,Middle Adult,Beauty,2,30,60
566,02-12-2023,Dec,CUST566,Female,64,Older Adult,Clothing,1,30,30
567,14-06-2023,Jun,CUST567,Female,25,Young Adult,Clothing,3,300,900
568,27-08-2023,Aug,CUST568,Female,51,Older Adult,Electronics,1,300,300
569,15-08-2023,Aug,CUST569,Male,52,Older Adult,Electronics,4,50,200
570,15-08-2023,Aug,CUST570,Male,49,Older Adult,Clothing,1,500,500
571,12-12-2023,Dec,CUST571,Female,41,Middle Adult,Electronics,1,50,50
572,20-04-2023,Apr,CUST572,Male,31,Middle Adult,Clothing,4,500,2000
573,19-09-2023,Sep,CUST573,Male,49,Older Adult,Beauty,2,30,60
574,31-08-2023,Aug,CUST574,Female,63,Older Adult,Electronics,2,25,50
575,28-03-2023,Mar,CUST575,Male,60,Older Adult,Clothing,2,50,100
576,04-12-2023,Dec,CUST576,Female,33,Middle Adult,Beauty,3,50,150
577,13-02-2023,Feb,CUST577,Male,21,Young Adult,Beauty,4,500,2000
578,26-05-2023,May,CUST578,Female,54,Older Adult,Clothing,4,30,120
579,21-09-2023,Sep,CUST579,Female,38,Middle Adult,Electronics,1,30,30
580,06-12-2023,Dec,CUST580,Female,31,Middle Adult,Clothing,3,500,1500
581,21-11-2023,Nov,CUST581,Female,48,Older Adult,Beauty,2,30,60
582,14-11-2023,Nov,CUST582,Male,35,Middle Adult,Clothing,3,300,900
583,21-06-2023,Jun,CUST583,Female,24,Young Adult,Electronics,4,25,100
584,17-02-2023,Feb,CUST584,Female,27,Young Adult,Beauty,4,50,200
585,01-05-2023,May,CUST585,Female,24,Young Adult,Clothing,1,25,25
586,11-12-2023,Dec,CUST586,Male,50,Older Adult,Electronics,1,50,50
587,08-06-2023,Jun,CUST587,Female,40,Middle Adult,Beauty,4,300,1200
588,26-04-2023,Apr,CUST588,Male,38,Middle Adult,Electronics,2,30,60
589,12-04-2023,Apr,CUST589,Female,36,Middle Adult,Beauty,2,500,1000
590,17-03-2023,Mar,CUST590,Male,36,Middle Adult,Clothing,3,300,900
591,13-01-2023,Jan,CUST591,Male,53,Older Adult,Electronics,4,25,100
592,24-01-2023,Jan,CUST592,Female,46,Older Adult,Beauty,4,500,2000
593,06-05-2023,May,CUST593,Male,35,Middle Adult,Electronics,2,30,60
594,01-09-2023,Sep,CUST594,Female,19,Young Adult,Electronics,2,300,600
595,09-11-2023,Nov,CUST595,Female,18,Young Adult,Clothing,4,500,2000
596,07-02-2023,Feb,CUST596,Female,64,Older Adult,Electronics,1,300,300
597,22-08-2023,Aug,CUST597,Male,22,Young Adult,Beauty,4,300,1200
598,01-08-2023,Aug,CUST598,Male,37,Middle Adult,Beauty,4,30,120
599,19-11-2023,Nov,CUST599,Female,28,Young Adult,Beauty,2,50,100
600,22-10-2023,Oct,CUST600,Female,59,Older Adult,Beauty,2,500,1000
601,10-04-2023,Apr,CUST601,Male,19,Young Adult,Clothing,1,30,30
602,23-12-2023,Dec,CUST602,Female,20,Young Adult,Electronics,1,300,300
603,16-07-2023,Jul,CUST603,Female,40,Middle Adult,Clothing,3,30,90
604,11-09-2023,Sep,CUST604,Female,29,Young Adult,Electronics,4,50,200
605,24-07-2023,Jul,CUST605,Male,37,Middle Adult,Electronics,2,500,1000
606,05-05-2023,May,CUST606,Male,22,Young Adult,Electronics,1,50,50
607,17-03-2023,Mar,CUST607,Male,54,Older Adult,Clothing,3,25,75
608,02-12-2023,Dec,CUST608,Female,55,Older Adult,Electronics,3,500,1500
609,19-12-2023,Dec,CUST609,Female,47,Older Adult,Clothing,2,50,100
610,03-01-2023,Jan,CUST610,Female,26,Young Adult,Beauty,2,300,600
611,24-02-2023,Feb,CUST611,Male,51,Older Adult,Beauty,3,500,1500
612,06-08-2023,Aug,CUST612,Female,61,Older Adult,Electronics,1,500,500
613,23-04-2023,Apr,CUST613,Female,52,Older Adult,Clothing,3,30,90
614,01-04-2023,Apr,CUST614,Female,39,Middle Adult,Beauty,4,300,1200
615,23-12-2023,Dec,CUST615,Female,61,Older Adult,Clothing,4,25,100
616,23-09-2023,Sep,CUST616,Male,41,Middle Adult,Clothing,2,50,100
617,26-08-2023,Aug,CUST617,Male,34,Middle Adult,Electronics,1,30,30
618,26-01-2023,Jan,CUST618,Female,27,Young Adult,Beauty,1,50,50
619,13-10-2023,Oct,CUST619,Male,47,Older Adult,Electronics,4,25,100
620,08-05-2023,May,CUST620,Male,63,Older Adult,Electronics,3,25,75
621,04-03-2023,Mar,CUST621,Female,40,Middle Adult,Beauty,2,500,1000
622,22-08-2023,Aug,CUST622,Female,49,Older Adult,Beauty,3,25,75
623,10-03-2023,Mar,CUST623,Male,34,Middle Adult,Clothing,3,50,150
624,26-08-2023,Aug,CUST624,Female,34,Middle Adult,Beauty,3,300,900
625,08-12-2023,Dec,CUST625,Male,31,Middle Adult,Clothing,1,300,300
626,29-09-2023,Sep,CUST626,Female,26,Young Adult,Clothing,4,500,2000
627,14-10-2023,Oct,CUST627,Male,57,Older Adult,Clothing,1,50,50
628,01-11-2023,Nov,CUST628,Female,19,Young Adult,Beauty,4,50,200
629,12-06-2023,Jun,CUST629,Male,62,Older Adult,Electronics,2,25,50
630,15-08-2023,Aug,CUST630,Male,42,Middle Adult,Clothing,2,50,100
631,10-11-2023,Nov,CUST631,Male,56,Older Adult,Electronics,3,30,90
632,16-09-2023,Sep,CUST632,Female,26,Young Adult,Electronics,4,25,100
633,07-08-2023,Aug,CUST633,Male,39,Middle Adult,Beauty,4,30,120
634,08-10-2023,Oct,CUST634,Male,60,Older Adult,Electronics,4,500,2000
635,17-08-2023,Aug,CUST635,Female,63,Older Adult,Electronics,3,300,900
636,23-03-2023,Mar,CUST636,Female,21,Young Adult,Beauty,3,500,1500
637,01-09-2023,Sep,CUST637,Male,43,Middle Adult,Clothing,2,300,600
638,19-08-2023,Aug,CUST638,Male,46,Older Adult,Electronics,1,500,500
639,13-05-2023,May,CUST639,Female,62,Older Adult,Beauty,4,50,200
640,07-05-2023,May,CUST640,Female,51,Older Adult,Electronics,4,30,120
641,23-11-2023,Nov,CUST641,Female,40,Middle Adult,Electronics,1,300,300
642,22-05-2023,May,CUST642,Female,54,Older Adult,Clothing,4,25,100
643,24-09-2023,Sep,CUST643,Female,28,Young Adult,Electronics,3,30,90
644,06-09-2023,Sep,CUST644,Male,23,Young Adult,Beauty,3,25,75
645,17-11-2023,Nov,CUST645,Female,35,Middle Adult,Electronics,4,30,120
646,03-05-2023,May,CUST646,Male,38,Middle Adult,Clothing,3,30,90
647,21-05-2023,May,CUST647,Male,59,Older Adult,Clothing,3,500,1500
648,14-08-2023,Aug,CUST648,Male,53,Older Adult,Beauty,4,300,1200
649,09-02-2023,Feb,CUST649,Female,58,Older Adult,Clothing,2,300,600
650,01-01-2024,Jan,CUST650,Male,55,Older Adult,Electronics,1,30,30
651,27-05-2023,May,CUST651,Male,51,Older Adult,Clothing,3,50,150
652,01-05-2023,May,CUST652,Female,34,Middle Adult,Beauty,2,50,100
653,20-05-2023,May,CUST653,Male,54,Older Adult,Clothing,3,25,75
654,21-06-2023,Jun,CUST654,Male,42,Middle Adult,Clothing,3,25,75
655,13-06-2023,Jun,CUST655,Female,55,Older Adult,Clothing,1,500,500
656,04-10-2023,Oct,CUST656,Male,29,Young Adult,Beauty,3,30,90
657,11-02-2023,Feb,CUST657,Male,40,Middle Adult,Clothing,1,25,25
658,12-03-2023,Mar,CUST658,Male,59,Older Adult,Clothing,1,25,25
659,19-03-2023,Mar,CUST659,Female,39,Middle Adult,Electronics,1,30,30
660,29-04-2023,Apr,CUST660,Female,38,Middle Adult,Beauty,2,500,1000
661,16-07-2023,Jul,CUST661,Female,44,Middle Adult,Clothing,4,25,100
662,22-12-2023,Dec,CUST662,Male,48,Older Adult,Beauty,2,500,1000
663,20-03-2023,Mar,CUST663,Male,23,Young Adult,Clothing,4,300,1200
664,28-12-2023,Dec,CUST664,Female,44,Middle Adult,Clothing,4,500,2000
665,20-04-2023,Apr,CUST665,Male,57,Older Adult,Clothing,1,50,50
666,02-02-2023,Feb,CUST666,Male,51,Older Adult,Electronics,3,50,150
667,01-08-2023,Aug,CUST667,Female,29,Young Adult,Electronics,1,500,500
668,28-07-2023,Jul,CUST668,Female,62,Older Adult,Electronics,3,50,150
669,19-06-2023,Jun,CUST669,Male,24,Young Adult,Beauty,4,300,1200
670,05-10-2023,Oct,CUST670,Male,27,Young Adult,Beauty,1,30,30
671,27-08-2023,Aug,CUST671,Male,62,Older Adult,Electronics,3,50,150
672,01-08-2023,Aug,CUST672,Female,34,Middle Adult,Beauty,2,50,100
673,01-02-2023,Feb,CUST673,Female,43,Middle Adult,Clothing,3,500,1500
674,16-04-2023,Apr,CUST674,Female,38,Middle Adult,Clothing,1,300,300
675,04-08-2023,Aug,CUST675,Female,45,Middle Adult,Clothing,2,30,60
676,19-07-2023,Jul,CUST676,Male,63,Older Adult,Electronics,3,500,1500
677,27-10-2023,Oct,CUST677,Female,19,Young Adult,Beauty,3,500,1500
678,23-12-2023,Dec,CUST678,Female,60,Older Adult,Electronics,3,300,900
679,11-01-2023,Jan,CUST679,Female,18,Young Adult,Beauty,3,30,90
680,22-10-2023,Oct,CUST680,Female,53,Older Adult,Clothing,3,300,900
681,14-07-2023,Jul,CUST681,Female,43,Middle Adult,Electronics,2,30,60
682,02-09-2023,Sep,CUST682,Male,46,Older Adult,Beauty,4,300,1200
683,04-01-2023,Jan,CUST683,Male,38,Middle Adult,Beauty,2,500,1000
684,30-06-2023,Jun,CUST684,Female,28,Young Adult,Clothing,2,500,1000
685,02-06-2023,Jun,CUST685,Male,57,Older Adult,Electronics,2,25,50
686,19-07-2023,Jul,CUST686,Female,28,Young Adult,Electronics,4,50,200
687,03-08-2023,Aug,CUST687,Female,53,Older Adult,Electronics,1,300,300
688,03-10-2023,Oct,CUST688,Male,56,Older Adult,Clothing,4,25,100
689,07-10-2023,Oct,CUST689,Male,57,Older Adult,Electronics,2,50,100
690,05-11-2023,Nov,CUST690,Female,52,Older Adult,Clothing,3,300,900
691,23-04-2023,Apr,CUST691,Female,51,Older Adult,Clothing,3,30,90
692,07-09-2023,Sep,CUST692,Female,64,Older Adult,Clothing,2,50,100
693,23-04-2023,Apr,CUST693,Male,41,Middle Adult,Beauty,3,500,1500
694,20-05-2023,May,CUST694,Female,39,Middle Adult,Electronics,2,25,50
695,12-08-2023,Aug,CUST695,Female,22,Young Adult,Electronics,3,50,150
696,06-09-2023,Sep,CUST696,Female,50,Older Adult,Clothing,4,50,200
697,15-01-2023,Jan,CUST697,Male,53,Older Adult,Clothing,1,500,500
698,19-07-2023,Jul,CUST698,Female,64,Older Adult,Electronics,1,300,300
699,22-06-2023,Jun,CUST699,Female,37,Middle Adult,Clothing,4,30,120
700,09-12-2023,Dec,CUST700,Male,36,Middle Adult,Electronics,4,500,2000
701,14-12-2023,Dec,CUST701,Female,52,Older Adult,Beauty,2,30,60
702,27-07-2023,Jul,CUST702,Female,60,Older Adult,Clothing,2,300,600
703,26-03-2023,Mar,CUST703,Male,34,Middle Adult,Electronics,2,50,100
704,28-08-2023,Aug,CUST704,Female,62,Older Adult,Clothing,3,30,90
705,07-03-2023,Mar,CUST705,Male,60,Older Adult,Electronics,2,25,50
706,15-11-2023,Nov,CUST706,Male,51,Older Adult,Electronics,4,25,100
707,01-10-2023,Oct,CUST707,Female,26,Young Adult,Clothing,1,500,500
708,14-01-2023,Jan,CUST708,Female,43,Middle Adult,Beauty,3,300,900
709,21-07-2023,Jul,CUST709,Female,19,Young Adult,Electronics,2,500,1000
710,31-10-2023,Oct,CUST710,Female,26,Young Adult,Electronics,3,500,1500
711,16-10-2023,Oct,CUST711,Male,26,Young Adult,Electronics,3,500,1500
712,06-12-2023,Dec,CUST712,Female,57,Older Adult,Beauty,2,25,50
713,14-01-2023,Jan,CUST713,Male,34,Middle Adult,Beauty,3,25,75
714,12-02-2023,Feb,CUST714,Female,18,Young Adult,Clothing,1,500,500
715,26-11-2023,Nov,CUST715,Female,42,Middle Adult,Beauty,4,25,100
716,08-08-2023,Aug,CUST716,Female,60,Older Adult,Clothing,4,300,1200
717,11-03-2023,Mar,CUST717,Male,57,Older Adult,Clothing,1,500,500
718,25-08-2023,Aug,CUST718,Female,59,Older Adult,Beauty,3,25,75
719,04-04-2023,Apr,CUST719,Female,42,Middle Adult,Clothing,2,30,60
720,26-01-2023,Jan,CUST720,Female,56,Older Adult,Beauty,3,500,1500
721,14-05-2023,May,CUST721,Female,52,Older Adult,Clothing,1,500,500
722,14-07-2023,Jul,CUST722,Male,20,Young Adult,Beauty,3,300,900
723,17-06-2023,Jun,CUST723,Female,54,Older Adult,Beauty,4,50,200
724,19-04-2023,Apr,CUST724,Male,61,Older Adult,Clothing,3,50,150
725,21-08-2023,Aug,CUST725,Male,61,Older Adult,Electronics,1,300,300
726,17-06-2023,Jun,CUST726,Male,47,Older Adult,Clothing,4,300,1200
727,22-06-2023,Jun,CUST727,Male,55,Older Adult,Beauty,3,300,900
728,14-07-2023,Jul,CUST728,Male,51,Older Adult,Electronics,3,50,150
729,23-05-2023,May,CUST729,Male,29,Young Adult,Clothing,4,300,1200
730,04-08-2023,Aug,CUST730,Female,36,Middle Adult,Clothing,2,25,50
731,10-05-2023,May,CUST731,Male,54,Older Adult,Clothing,4,500,2000
732,11-02-2023,Feb,CUST732,Male,61,Older Adult,Electronics,2,500,1000
733,29-08-2023,Aug,CUST733,Male,34,Middle Adult,Beauty,1,30,30
734,10-01-2023,Jan,CUST734,Female,27,Young Adult,Clothing,1,30,30
735,04-10-2023,Oct,CUST735,Female,64,Older Adult,Clothing,4,500,2000
736,27-01-2023,Jan,CUST736,Male,29,Young Adult,Clothing,4,25,100
737,29-06-2023,Jun,CUST737,Female,33,Middle Adult,Clothing,1,50,50
738,25-04-2023,Apr,CUST738,Male,41,Middle Adult,Clothing,2,50,100
739,29-11-2023,Nov,CUST739,Male,36,Middle Adult,Beauty,1,25,25
740,05-02-2023,Feb,CUST740,Female,25,Young Adult,Beauty,4,50,200
741,30-11-2023,Nov,CUST741,Male,48,Older Adult,Clothing,1,300,300
742,21-01-2023,Jan,CUST742,Female,38,Middle Adult,Electronics,4,500,2000
743,16-01-2023,Jan,CUST743,Female,34,Middle Adult,Beauty,4,500,2000
744,07-05-2023,May,CUST744,Male,40,Middle Adult,Electronics,1,25,25
745,13-04-2023,Apr,CUST745,Male,54,Older Adult,Beauty,2,50,100
746,11-01-2023,Jan,CUST746,Female,33,Middle Adult,Clothing,3,30,90
747,15-11-2023,Nov,CUST747,Male,23,Young Adult,Beauty,1,30,30
748,20-03-2023,Mar,CUST748,Male,25,Young Adult,Clothing,3,50,150
749,03-05-2023,May,CUST749,Male,42,Middle Adult,Beauty,1,30,30
750,06-03-2023,Mar,CUST750,Female,35,Middle Adult,Clothing,3,25,75
751,31-08-2023,Aug,CUST751,Female,42,Middle Adult,Clothing,2,25,50
752,09-12-2023,Dec,CUST752,Male,29,Young Adult,Clothing,2,50,100
753,28-02-2023,Feb,CUST753,Female,32,Middle Adult,Clothing,1,30,30
754,16-10-2023,Oct,CUST754,Female,43,Middle Adult,Electronics,4,25,100
755,22-04-2023,Apr,CUST755,Female,58,Older Adult,Clothing,3,25,75
756,27-08-2023,Aug,CUST756,Female,62,Older Adult,Electronics,4,300,1200
757,25-12-2023,Dec,CUST757,Female,43,Middle Adult,Electronics,4,300,1200
758,12-05-2023,May,CUST758,Male,64,Older Adult,Clothing,4,25,100
759,08-07-2023,Jul,CUST759,Male,49,Older Adult,Electronics,2,50,100
760,27-03-2023,Mar,CUST760,Male,27,Young Adult,Beauty,1,500,500
761,07-11-2023,Nov,CUST761,Female,33,Middle Adult,Clothing,1,500,500
762,07-11-2023,Nov,CUST762,Female,24,Young Adult,Electronics,2,25,50
763,28-02-2023,Feb,CUST763,Male,34,Middle Adult,Clothing,2,25,50
764,25-03-2023,Mar,CUST764,Female,40,Middle Adult,Clothing,1,25,25
765,09-06-2023,Jun,CUST765,Male,43,Middle Adult,Clothing,4,50,200
766,25-02-2023,Feb,CUST766,Male,38,Middle Adult,Electronics,3,300,900
767,24-10-2023,Oct,CUST767,Male,39,Middle Adult,Beauty,3,25,75
768,14-01-2023,Jan,CUST768,Female,24,Young Adult,Beauty,3,25,75
769,09-06-2023,Jun,CUST769,Female,31,Middle Adult,Electronics,4,30,120
770,22-10-2023,Oct,CUST770,Male,32,Middle Adult,Clothing,1,50,50
771,13-12-2023,Dec,CUST771,Male,24,Young Adult,Electronics,2,25,50
772,12-07-2023,Jul,CUST772,Male,26,Young Adult,Electronics,1,30,30
773,23-07-2023,Jul,CUST773,Male,25,Young Adult,Electronics,4,500,2000
774,12-04-2023,Apr,CUST774,Female,40,Middle Adult,Clothing,2,25,50
775,08-02-2023,Feb,CUST775,Female,46,Older Adult,Electronics,4,25,100
776,31-10-2023,Oct,CUST776,Male,35,Middle Adult,Clothing,3,30,90
777,20-12-2023,Dec,CUST777,Male,48,Older Adult,Electronics,3,50,150
778,18-11-2023,Nov,CUST778,Female,47,Older Adult,Beauty,4,25,100
779,05-05-2023,May,CUST779,Female,56,Older Adult,Electronics,2,500,1000
780,22-02-2023,Feb,CUST780,Male,52,Older Adult,Electronics,2,25,50
781,23-12-2023,Dec,CUST781,Male,35,Middle Adult,Beauty,1,500,500
782,04-06-2023,Jun,CUST782,Male,59,Older Adult,Clothing,3,300,900
783,17-12-2023,Dec,CUST783,Female,56,Older Adult,Clothing,1,300,300
784,04-11-2023,Nov,CUST784,Female,34,Middle Adult,Electronics,1,500,500
785,03-03-2023,Mar,CUST785,Female,31,Middle Adult,Beauty,4,50,200
786,17-10-2023,Oct,CUST786,Male,48,Older Adult,Clothing,4,25,100
787,22-01-2023,Jan,CUST787,Male,41,Middle Adult,Electronics,1,25,25
788,27-06-2023,Jun,CUST788,Female,52,Older Adult,Beauty,3,300,900
789,30-09-2023,Sep,CUST789,Female,61,Older Adult,Clothing,4,500,2000
790,08-08-2023,Aug,CUST790,Male,62,Older Adult,Clothing,1,25,25
791,05-12-2023,Dec,CUST791,Female,51,Older Adult,Beauty,1,25,25
792,09-07-2023,Jul,CUST792,Female,20,Young Adult,Beauty,1,50,50
793,05-02-2023,Feb,CUST793,Male,54,Older Adult,Beauty,1,30,30
794,17-09-2023,Sep,CUST794,Female,60,Older Adult,Beauty,1,300,300
795,28-11-2023,Nov,CUST795,Male,57,Older Adult,Electronics,1,300,300
796,24-06-2023,Jun,CUST796,Male,43,Middle Adult,Beauty,4,30,120
797,07-01-2023,Jan,CUST797,Male,40,Middle Adult,Clothing,3,25,75
798,04-08-2023,Aug,CUST798,Male,61,Older Adult,Clothing,1,50,50
799,08-09-2023,Sep,CUST799,Male,56,Older Adult,Electronics,2,50,100
800,24-02-2023,Feb,CUST800,Male,32,Middle Adult,Clothing,4,300,1200
801,10-08-2023,Aug,CUST801,Male,21,Young Adult,Clothing,4,50,200
802,05-07-2023,Jul,CUST802,Female,46,Older Adult,Beauty,1,30,30
803,22-11-2023,Nov,CUST803,Male,39,Middle Adult,Clothing,4,25,100
804,24-08-2023,Aug,CUST804,Male,42,Middle Adult,Electronics,1,30,30
805,29-12-2023,Dec,CUST805,Female,30,Young Adult,Beauty,3,500,1500
806,20-03-2023,Mar,CUST806,Female,35,Middle Adult,Beauty,3,300,900
807,11-08-2023,Aug,CUST807,Female,50,Older Adult,Electronics,4,50,200
808,01-04-2023,Apr,CUST808,Male,33,Middle Adult,Beauty,4,500,2000
809,25-09-2023,Sep,CUST809,Female,62,Older Adult,Beauty,2,50,100
810,30-11-2023,Nov,CUST810,Male,59,Older Adult,Electronics,4,25,100
811,19-05-2023,May,CUST811,Male,61,Older Adult,Beauty,2,25,50
812,12-11-2023,Nov,CUST812,Male,19,Young Adult,Electronics,3,25,75
813,03-10-2023,Oct,CUST813,Male,52,Older Adult,Electronics,3,50,150
814,05-09-2023,Sep,CUST814,Female,59,Older Adult,Clothing,1,500,500
815,27-08-2023,Aug,CUST815,Female,51,Older Adult,Clothing,3,25,75
816,12-08-2023,Aug,CUST816,Male,47,Older Adult,Beauty,2,500,1000
817,31-10-2023,Oct,CUST817,Male,30,Young Adult,Beauty,4,50,200
818,18-05-2023,May,CUST818,Male,30,Young Adult,Electronics,1,500,500
819,15-06-2023,Jun,CUST819,Female,35,Middle Adult,Beauty,2,50,100
820,06-05-2023,May,CUST820,Male,49,Older Adult,Electronics,4,50,200
821,14-02-2023,Feb,CUST821,Male,49,Older Adult,Electronics,1,300,300
822,23-05-2023,May,CUST822,Female,52,Older Adult,Beauty,3,50,150
823,19-08-2023,Aug,CUST823,Female,56,Older Adult,Electronics,2,50,100
824,05-05-2023,May,CUST824,Male,63,Older Adult,Clothing,4,30,120
825,26-08-2023,Aug,CUST825,Female,46,Older Adult,Beauty,1,25,25
826,19-10-2023,Oct,CUST826,Female,46,Older Adult,Clothing,1,300,300
827,09-11-2023,Nov,CUST827,Male,61,Older Adult,Beauty,3,300,900
828,09-12-2023,Dec,CUST828,Female,33,Middle Adult,Electronics,4,300,1200
829,14-07-2023,Jul,CUST829,Male,61,Older Adult,Beauty,3,30,90
830,22-06-2023,Jun,CUST830,Female,64,Older Adult,Clothing,3,50,150
831,15-01-2023,Jan,CUST831,Male,27,Young Adult,Electronics,4,25,100
832,11-09-2023,Sep,CUST832,Male,47,Older Adult,Beauty,4,500,2000
833,16-06-2023,Jun,CUST833,Male,42,Middle Adult,Beauty,4,50,200
834,04-04-2023,Apr,CUST834,Female,56,Older Adult,Beauty,2,30,60
835,07-09-2023,Sep,CUST835,Male,37,Middle Adult,Clothing,4,50,200
836,19-04-2023,Apr,CUST836,Female,22,Young Adult,Clothing,1,50,50
837,01-07-2023,Jul,CUST837,Male,18,Young Adult,Beauty,3,30,90
838,13-05-2023,May,CUST838,Male,47,Older Adult,Electronics,2,300,600
839,24-06-2023,Jun,CUST839,Female,20,Young Adult,Electronics,4,300,1200
840,24-05-2023,May,CUST840,Male,62,Older Adult,Clothing,2,25,50
841,02-11-2023,Nov,CUST841,Male,31,Middle Adult,Electronics,4,25,100
842,26-12-2023,Dec,CUST842,Female,47,Older Adult,Clothing,2,300,600
843,22-05-2023,May,CUST843,Male,21,Young Adult,Beauty,3,500,1500
844,12-10-2023,Oct,CUST844,Male,35,Middle Adult,Clothing,3,50,150
845,06-01-2023,Jan,CUST845,Male,54,Older Adult,Clothing,1,500,500
846,22-09-2023,Sep,CUST846,Male,42,Middle Adult,Beauty,1,50,50
847,08-04-2023,Apr,CUST847,Female,18,Young Adult,Electronics,4,300,1200
848,13-02-2023,Feb,CUST848,Female,63,Older Adult,Clothing,3,25,75
849,04-05-2023,May,CUST849,Male,32,Middle Adult,Clothing,2,25,50
850,28-07-2023,Jul,CUST850,Female,26,Young Adult,Beauty,2,500,1000
851,08-09-2023,Sep,CUST851,Male,32,Middle Adult,Electronics,2,25,50
852,12-10-2023,Oct,CUST852,Female,41,Middle Adult,Clothing,1,300,300
853,04-05-2023,May,CUST853,Male,21,Young Adult,Beauty,2,500,1000
854,20-12-2023,Dec,CUST854,Male,29,Young Adult,Clothing,1,50,50
855,01-09-2023,Sep,CUST855,Male,54,Older Adult,Beauty,1,25,25
856,27-11-2023,Nov,CUST856,Male,54,Older Adult,Electronics,4,30,120
857,31-12-2023,Dec,CUST857,Male,60,Older Adult,Electronics,2,25,50
858,09-09-2023,Sep,CUST858,Male,23,Young Adult,Electronics,2,50,100
859,18-08-2023,Aug,CUST859,Female,56,Older Adult,Electronics,3,500,1500
860,09-01-2023,Jan,CUST860,Male,63,Older Adult,Clothing,4,50,200
861,17-02-2023,Feb,CUST861,Female,41,Middle Adult,Clothing,3,30,90
862,31-05-2023,May,CUST862,Male,28,Young Adult,Electronics,4,300,1200
863,24-04-2023,Apr,CUST863,Female,30,Young Adult,Electronics,2,25,50
864,27-07-2023,Jul,CUST864,Female,51,Older Adult,Electronics,1,500,500
865,21-12-2023,Dec,CUST865,Female,42,Middle Adult,Clothing,1,300,300
866,05-05-2023,May,CUST866,Male,24,Young Adult,Electronics,1,50,50
867,06-06-2023,Jun,CUST867,Male,21,Young Adult,Electronics,1,500,500
868,06-12-2023,Dec,CUST868,Female,25,Young Adult,Electronics,1,300,300
869,25-10-2023,Oct,CUST869,Male,37,Middle Adult,Beauty,3,500,1500
870,08-07-2023,Jul,CUST870,Female,46,Older Adult,Electronics,4,30,120
871,31-08-2023,Aug,CUST871,Male,62,Older Adult,Beauty,2,30,60
872,11-10-2023,Oct,CUST872,Female,63,Older Adult,Beauty,3,25,75
873,29-09-2023,Sep,CUST873,Female,27,Young Adult,Electronics,4,25,100
874,26-06-2023,Jun,CUST874,Male,60,Older Adult,Beauty,1,30,30
875,06-08-2023,Aug,CUST875,Female,51,Older Adult,Electronics,4,500,2000
876,09-10-2023,Oct,CUST876,Male,43,Middle Adult,Clothing,4,30,120
877,19-06-2023,Jun,CUST877,Female,58,Older Adult,Clothing,1,25,25
878,30-06-2023,Jun,CUST878,Female,20,Young Adult,Clothing,1,30,30
879,26-12-2023,Dec,CUST879,Male,23,Young Adult,Clothing,1,30,30
880,21-08-2023,Aug,CUST880,Male,22,Young Adult,Beauty,2,500,1000
881,19-05-2023,May,CUST881,Male,22,Young Adult,Electronics,1,300,300
882,06-06-2023,Jun,CUST882,Female,64,Older Adult,Electronics,2,25,50
883,09-05-2023,May,CUST883,Male,40,Middle Adult,Electronics,1,500,500
884,29-04-2023,Apr,CUST884,Female,26,Young Adult,Clothing,2,30,60
885,03-03-2023,Mar,CUST885,Female,52,Older Adult,Clothing,4,30,120
886,09-04-2023,Apr,CUST886,Male,37,Middle Adult,Electronics,3,300,900
887,11-06-2023,Jun,CUST887,Male,59,Older Adult,Clothing,4,25,100
888,03-03-2023,Mar,CUST888,Female,52,Older Adult,Electronics,4,25,100
889,02-10-2023,Oct,CUST889,Female,35,Middle Adult,Electronics,1,50,50
890,20-12-2023,Dec,CUST890,Male,34,Middle Adult,Electronics,2,25,50
891,05-04-2023,Apr,CUST891,Male,41,Middle Adult,Electronics,3,300,900
892,09-04-2023,Apr,CUST892,Male,20,Young Adult,Electronics,1,50,50
893,21-04-2023,Apr,CUST893,Male,49,Older Adult,Electronics,1,50,50
894,05-09-2023,Sep,CUST894,Male,52,Older Adult,Electronics,1,30,30
895,22-05-2023,May,CUST895,Female,55,Older Adult,Clothing,4,30,120
896,29-10-2023,Oct,CUST896,Female,30,Young Adult,Electronics,2,25,50
897,26-09-2023,Sep,CUST897,Female,64,Older Adult,Electronics,2,50,100
898,02-11-2023,Nov,CUST898,Female,42,Middle Adult,Clothing,3,30,90
899,25-05-2023,May,CUST899,Male,26,Young Adult,Clothing,2,300,600
900,21-02-2023,Feb,CUST900,Male,21,Young Adult,Clothing,2,30,60
901,10-04-2023,Apr,CUST901,Male,31,Middle Adult,Electronics,1,30,30
902,01-06-2023,Jun,CUST902,Female,54,Older Adult,Beauty,1,50,50
903,27-04-2023,Apr,CUST903,Female,51,Older Adult,Beauty,4,50,200
904,04-07-2023,Jul,CUST904,Male,28,Young Adult,Clothing,1,500,500
905,02-04-2023,Apr,CUST905,Male,58,Older Adult,Beauty,1,300,300
906,04-06-2023,Jun,CUST906,Female,20,Young Adult,Clothing,1,50,50
907,08-01-2023,Jan,CUST907,Female,45,Middle Adult,Electronics,1,25,25
908,29-12-2023,Dec,CUST908,Male,46,Older Adult,Beauty,4,300,1200
909,01-10-2023,Oct,CUST909,Male,26,Young Adult,Electronics,1,300,300
910,06-03-2023,Mar,CUST910,Female,20,Young Adult,Beauty,3,50,150
911,21-05-2023,May,CUST911,Male,42,Middle Adult,Electronics,3,300,900
912,24-01-2023,Jan,CUST912,Male,51,Older Adult,Beauty,3,50,150
913,28-01-2023,Jan,CUST913,Male,29,Young Adult,Electronics,3,30,90
914,11-10-2023,Oct,CUST914,Female,59,Older Adult,Electronics,1,500,500
915,30-05-2023,May,CUST915,Female,26,Young Adult,Beauty,3,30,90
916,24-12-2023,Dec,CUST916,Female,32,Middle Adult,Electronics,1,50,50
917,06-03-2023,Mar,CUST917,Female,57,Older Adult,Electronics,4,50,200
918,23-11-2023,Nov,CUST918,Female,42,Middle Adult,Electronics,3,30,90
919,09-09-2023,Sep,CUST919,Female,22,Young Adult,Beauty,2,25,50
920,22-02-2023,Feb,CUST920,Female,28,Young Adult,Beauty,3,25,75
921,07-01-2023,Jan,CUST921,Male,51,Older Adult,Electronics,3,25,75
922,21-10-2023,Oct,CUST922,Male,41,Middle Adult,Electronics,1,50,50
923,26-05-2023,May,CUST923,Male,32,Middle Adult,Beauty,3,300,900
924,29-08-2023,Aug,CUST924,Male,55,Older Adult,Beauty,2,50,100
925,03-09-2023,Sep,CUST925,Male,25,Young Adult,Electronics,1,300,300
926,14-08-2023,Aug,CUST926,Male,22,Young Adult,Electronics,1,30,30
927,24-06-2023,Jun,CUST927,Male,43,Middle Adult,Electronics,4,500,2000
928,05-04-2023,Apr,CUST928,Female,35,Middle Adult,Clothing,4,300,1200
929,27-01-2023,Jan,CUST929,Female,23,Young Adult,Beauty,3,25,75
930,10-05-2023,May,CUST930,Male,54,Older Adult,Clothing,4,50,200
931,02-09-2023,Sep,CUST931,Male,30,Young Adult,Beauty,4,30,120
932,28-02-2023,Feb,CUST932,Female,45,Middle Adult,Beauty,4,25,100
933,03-02-2023,Feb,CUST933,Male,22,Young Adult,Beauty,1,30,30
934,25-07-2023,Jul,CUST934,Male,30,Young Adult,Beauty,1,500,500
935,09-09-2023,Sep,CUST935,Female,34,Middle Adult,Beauty,1,50,50
936,07-02-2023,Feb,CUST936,Male,57,Older Adult,Beauty,4,50,200
937,23-10-2023,Oct,CUST937,Female,62,Older Adult,Beauty,1,500,500
938,19-11-2023,Nov,CUST938,Male,49,Older Adult,Clothing,4,50,200
939,18-12-2023,Dec,CUST939,Female,46,Older Adult,Electronics,1,300,300
940,28-01-2023,Jan,CUST940,Female,20,Young Adult,Electronics,1,30,30
941,19-03-2023,Mar,CUST941,Female,57,Older Adult,Clothing,2,25,50
942,18-03-2023,Mar,CUST942,Male,51,Older Adult,Clothing,3,500,1500
943,16-10-2023,Oct,CUST943,Female,57,Older Adult,Clothing,4,300,1200
944,05-06-2023,Jun,CUST944,Male,44,Middle Adult,Clothing,2,25,50
945,13-02-2023,Feb,CUST945,Male,30,Young Adult,Beauty,1,25,25
946,08-05-2023,May,CUST946,Male,62,Older Adult,Electronics,4,500,2000
947,02-03-2023,Mar,CUST947,Male,50,Older Adult,Beauty,1,300,300
948,13-10-2023,Oct,CUST948,Female,23,Young Adult,Electronics,3,25,75
949,02-08-2023,Aug,CUST949,Female,41,Middle Adult,Electronics,2,25,50
950,07-11-2023,Nov,CUST950,Male,36,Middle Adult,Clothing,3,300,900
951,02-11-2023,Nov,CUST951,Male,33,Middle Adult,Beauty,2,50,100
952,13-11-2023,Nov,CUST952,Female,57,Older Adult,Clothing,1,25,25
953,26-04-2023,Apr,CUST953,Male,45,Middle Adult,Beauty,3,30,90
954,25-09-2023,Sep,CUST954,Female,50,Older Adult,Electronics,3,300,900
955,14-07-2023,Jul,CUST955,Male,58,Older Adult,Clothing,1,25,25
956,19-08-2023,Aug,CUST956,Male,30,Young Adult,Clothing,3,500,1500
957,15-08-2023,Aug,CUST957,Female,60,Older Adult,Electronics,4,30,120
958,02-06-2023,Jun,CUST958,Male,62,Older Adult,Electronics,2,25,50
959,29-10-2023,Oct,CUST959,Female,42,Middle Adult,Electronics,2,30,60
960,08-08-2023,Aug,CUST960,Male,59,Older Adult,Clothing,2,30,60
961,06-06-2023,Jun,CUST961,Male,53,Older Adult,Beauty,4,50,200
962,19-10-2023,Oct,CUST962,Male,44,Middle Adult,Clothing,2,30,60
963,14-11-2023,Nov,CUST963,Female,55,Older Adult,Beauty,1,50,50
964,31-01-2023,Jan,CUST964,Male,24,Young Adult,Clothing,3,300,900
965,09-11-2023,Nov,CUST965,Male,22,Young Adult,Clothing,4,50,200
966,20-02-2023,Feb,CUST966,Male,60,Older Adult,Electronics,2,500,1000
967,17-04-2023,Apr,CUST967,Male,62,Older Adult,Beauty,1,25,25
968,17-11-2023,Nov,CUST968,Female,48,Older Adult,Clothing,3,300,900
969,19-04-2023,Apr,CUST969,Female,40,Middle Adult,Clothing,3,300,900
970,16-05-2023,May,CUST970,Male,59,Older Adult,Electronics,4,500,2000
971,05-12-2023,Dec,CUST971,Female,27,Young Adult,Electronics,4,50,200
972,11-02-2023,Feb,CUST972,Male,49,Older Adult,Beauty,4,25,100
973,22-03-2023,Mar,CUST973,Male,60,Older Adult,Clothing,1,50,50
974,03-05-2023,May,CUST974,Male,47,Older Adult,Beauty,1,30,30
975,30-03-2023,Mar,CUST975,Female,56,Older Adult,Clothing,4,50,200
976,10-10-2023,Oct,CUST976,Female,48,Older Adult,Beauty,2,300,600
977,08-02-2023,Feb,CUST977,Female,35,Middle Adult,Electronics,3,25,75
978,22-03-2023,Mar,CUST978,Female,53,Older Adult,Clothing,3,50,150
979,02-01-2023,Jan,CUST979,Female,19,Young Adult,Beauty,1,25,25
980,29-07-2023,Jul,CUST980,Female,31,Middle Adult,Electronics,3,25,75
981,19-08-2023,Aug,CUST981,Female,30,Young Adult,Electronics,2,30,60
982,19-12-2023,Dec,CUST982,Female,46,Older Adult,Beauty,3,30,90
983,01-11-2023,Nov,CUST983,Female,29,Young Adult,Clothing,1,300,300
984,29-08-2023,Aug,CUST984,Male,56,Older Adult,Clothing,1,500,500
985,30-05-2023,May,CUST985,Female,19,Young Adult,Electronics,2,25,50
986,17-01-2023,Jan,CUST986,Female,49,Older Adult,Clothing,2,500,1000
987,29-04-2023,Apr,CUST987,Female,30,Young Adult,Clothing,3,300,900
988,28-05-2023,May,CUST988,Female,63,Older Adult,Clothing,3,25,75
989,28-12-2023,Dec,CUST989,Female,44,Middle Adult,Electronics,1,25,25
990,25-05-2023,May,CUST990,Female,58,Older Adult,Beauty,2,500,1000
991,26-12-2023,Dec,CUST991,Female,34,Middle Adult,Clothing,2,50,100
992,21-08-2023,Aug,CUST992,Female,57,Older Adult,Electronics,2,30,60
993,06-02-2023,Feb,CUST993,Female,48,Older Adult,Electronics,3,50,150
994,18-12-2023,Dec,CUST994,Female,51,Older Adult,Beauty,2,500,1000
995,30-04-2023,Apr,CUST995,Female,41,Middle Adult,Clothing,1,30,30
996,16-05-2023,May,CUST996,Male,62,Older Adult,Clothing,1,50,50
997,17-11-2023,Nov,CUST997,Male,52,Older Adult,Beauty,3,30,90
998,29-10-2023,Oct,CUST998,Female,23,Young Adult,Beauty,4,25,100
999,05-12-2023,Dec,CUST999,Female,36,Middle Adult,Electronics,3,50,150
1000,12-04-2023,Apr,CUST1000,Male,47,Older Adult,Electronics,4,30,120
